category_id,category,title,description
0,TELEPHONIE - GPS | ACCESSOIRE TELEPHONE | COQUE - BUMPER - FACADE TELEPHONE,Coque  Samsung ACE S5830 Cassette audio transpa…,Coque  Samsung ACE S5830 Cassette audio transparente 1 rigide 100% made in france - Fabrication et impression dans nos ateliers en France en AuvergneCoque réalisée en polycarb… Voir la présentation
0,TELEPHONIE - GPS | ACCESSOIRE TELEPHONE | COQUE - BUMPER - FACADE TELEPHONE,Coque rigide Violette pour NOKIA LUMIA 625 moti…,Coque rigide Violette pour NOKIA LUMIA 625 motif Drapeau Connecticut + 3 Films - Coque rigide Ultra Fine Violette ORIGINALE de MUZZANO au motif Drapeau Connecticut pour NOKIA … Voir la présentation
0,TELEPHONIE - GPS | ACCESSOIRE TELEPHONE | COQUE - BUMPER - FACADE TELEPHONE,Coque rigide Rose bonbon pour HUAWEI ASCEND P2 …,Coque rigide Rose bonbon pour HUAWEI ASCEND P2 motif Fleur bleue - Coque rigide Ultra Fine Rose bonbon ORIGINALE de MUZZANO au motif Fleur bleue pour HUAWEI ASCEND P2  Design … Voir la présentation
0,TELEPHONIE - GPS | ACCESSOIRE TELEPHONE | COQUE - BUMPER - FACADE TELEPHONE,Coque souple Grise pour SONY XPERIA Z1 motif Dr…,Coque souple Grise pour SONY XPERIA Z1 motif Drapeau france + 3 Films - Coque souple Ultra Fine Grise ORIGINALE de MUZZANO au motif Drapeau france pour SONY XPERIA Z1 + 3 Film… Voir la présentation
0,TELEPHONIE - GPS | ACCESSOIRE TELEPHONE | COQUE - BUMPER - FACADE TELEPHONE,"Coque HTC One S 4,3'' – Dessin Tête de Girafe -...","Coque HTC One S 4,3'' – Dessin Tête de Girafe - ref 925 - Coque Suteo noire laquée en PVC lisse et brillant résistante aux chocs et rayures. Elle épouse parfaitement la forme … Voir la présentation"
0,TELEPHONIE - GPS | ACCESSOIRE TELEPHONE | COQUE - BUMPER - FACADE TELEPHONE,Coque souple Rose pour MOTOROLA MOTO G X1032 mo…,Coque souple Rose pour MOTOROLA MOTO G X1032 motif I LOVE MADRID + 3 Films - Coque souple Ultra Fine Rose ORIGINALE de MUZZANO au motif I LOVE MADRID pour MOTOROLA MOTO G X103… Voir la présentation
0,TELEPHONIE - GPS | ACCESSOIRE TELEPHONE | COQUE - BUMPER - FACADE TELEPHONE,Sony Xperia Z1 Compact Silicone coque case blanche - Seemannsknoten Grunge,"Sony Xperia Z1 Compact Silicone coque case blanche - Seemannsknoten Grunge - **Amortisseur pour smartphone & tablettes!** Le, La Silicone Case offre une protection flexible ai… Voir la présentation"
0,TELEPHONIE - GPS | ACCESSOIRE TELEPHONE | COQUE - BUMPER - FACADE TELEPHONE,Coque souple Violette pour NOKIA LUMIA 1320 mot...,Coque souple Violette pour NOKIA LUMIA 1320 motif Ballon de foot Côte d'Ivoire + 3 Films - Coque souple Ultra Fine Violette ORIGINALE de MUZZANO au motif Ballon de foot Côte d…Voir la présentation
0,TELEPHONIE - GPS | ACCESSOIRE TELEPHONE | COQUE - BUMPER - FACADE TELEPHONE,Coque souple Blanche pour APPLE IPHONE 5C motif…,Coque souple Blanche pour APPLE IPHONE 5C motif Rose douceur + 3 Films - Coque souple Ultra Fine Blanche ORIGINALE de MUZZANO au motif Rose douceur pour APPLE IPHONE 5C + 3 Fi… Voir la présentation
